{
    "links": [
        {
            "href": "http://http://www.example.org/edr/collections/3_hrly_fcst/instances/",
            "hreflang": "en",
            "rel": "self",
            "type": "application/json"
        },
        {
            "href": "http://http://www.example.org/edr/collections/3_hrly_fcst/instances/",
            "hreflang": "en",
            "rel": "alternate",
            "type": "text/html"
        },
        {
            "href": "http://http://www.example.org/edr/collections/3_hrly_fcst/instances/",
            "hreflang": "en",
            "rel": "alternate",
            "type": "application/xml"
        },
        {
            "href": "https://http://www.example.org/terms-and-conditions---datapoint#termsofservice",
            "hreflang": "en",
            "rel": "restrictions",
            "type": "text/html",
            "title": ""
        },
        {
            "href": "https://http://www.example.org/terms-and-conditions---datapoint#datalicence",
            "hreflang": "en",
            "rel": "license",
            "type": "text/html",
            "title": ""
        },
        {
            "href": "https://http://www.example.org/uk-3-hourly-site-specific-forecast",
            "hreflang": "en",
            "rel": "service-doc",
            "type": "text/html",
            "title": ""
        }
    ],
    "instances": [
        {
            "id": "2020-06-30T10:00:00Z",
            "title": "3 hrly fcst",
            "description": "Five day site specific forecast for 6000 UK locations 3 hrly fcst",
            "keywords": [
                "Wind Direction",
                "Wind Speed",
                "Wind Gust",
                "Air Temperature",
                "Weather",
                "Relative Humidity",
                "Feels like temperature",
                "UV index",
                "Probabilty of precipitation",
                "Visibility"
            ],
            "links": [
                {
                    "href": "http://http://www.example.org/edr/collections/3_hrly_fcst/instances/2020-06-30T10:00:00Z/position",
                    "hreflang": "en",
                    "rel": "data"
                },
                {
                    "href": "http://http://www.example.org/edr/collections/3_hrly_fcst/instances/2020-06-30T10:00:00Z/radius",
                    "hreflang": "en",
                    "rel": "data"
                },
                {
                    "href": "http://http://www.example.org/edr/collections/3_hrly_fcst/instances/2020-06-30T10:00:00Z/area",
                    "hreflang": "en",
                    "rel": "data"
                },
                {
                    "href": "http://http://www.example.org/edr/collections/3_hrly_fcst/instances/2020-06-30T10:00:00Z/locations",
                    "hreflang": "en",
                    "rel": "data"
                }
            ],
            "extent": {
                "spatial": {
                    "bbox": [
                        -15.0,
                        48.0,
                        5.0,
                        62.0
                    ],
                    "crs": "GEOGCS[\"WGS 84\",DATUM[\"WGS_1984\",SPHEROID[\"WGS 84\",6378137,298.257223563,AUTHORITY[\"EPSG\",\"7030\"]],AUTHORITY[\"EPSG\",\"6326\"]],PRIMEM[\"Greenwich\",0,AUTHORITY[\"EPSG\",\"8901\"]],UNIT[\"degree\",0.01745329251994328,AUTHORITY[\"EPSG\",\"9122\"]],AUTHORITY[\"EPSG\",\"4326\"]]"
                },
                "temporal": {
                    "interval": [
                        "2020-06-30T06:00:00Z/2020-07-04T21:00:00Z"
                    ],
                    "trs": "TIMECRS[\"DateTime\",TDATUM[\"Gregorian Calendar\"],CS[TemporalDateTime,1],AXIS[\"Time (T)\",future]"
                }
            },
            "data_queries": {
                "position": {
                    "link": {
                        "href": "http://http://www.example.org/edr/collections/3_hrly_fcst/instances/2020-06-30T10:00:00Z/position?coords={coords}",
                        "hreflang": "en",
                        "rel": "data",
                        "title": "",
                        "templated": true,
                        "variables": {
                            "title": "Position query",
                            "description": "Position query",
                            "query_type": "position",
                            "coords": {
                                "description": "Well Known Text POINT value i.e. POINT(-120, 55)"
                            },
                            "output_formats": [
                                "CoverageJSON",
                                "GeoJSON"
                            ],
                            "default_output_format": "GeoJSON",
                            "crs_details": [
                                {
                                    "crs": "CRS84",
                                    "wkt": "GEOGCS[\"WGS 84\",DATUM[\"WGS_1984\",SPHEROID[\"WGS 84\",6378137,298.257223563,AUTHORITY[\"EPSG\",\"7030\"]],AUTHORITY[\"EPSG\",\"6326\"]],PRIMEM[\"Greenwich\",0,AUTHORITY[\"EPSG\",\"8901\"]],UNIT[\"degree\",0.01745329251994328,AUTHORITY[\"EPSG\",\"9122\"]],AUTHORITY[\"EPSG\",\"4326\"]]"
                                }
                            ]
                        }
                    }
                },
                "radius": {
                    "link": {
                        "href": "http://http://www.example.org/edr/collections/3_hrly_fcst/instances/2020-06-30T10:00:00Z/radius?coords={coords}",
                        "hreflang": "en",
                        "rel": "data",
                        "templated": true,
                        "variables": {
                            "title": "Radius query",
                            "description": "Radius query",
                            "query_type": "radius",
                            "coords": {
                                "description": "Well Known Text POINT value i.e. POINT(-120, 55)"
                            },
                            "output_formats": [
                                "CoverageJSON",
                                "GeoJSON",
                                "CSV"
                            ],
                            "default_output_format": "GeoJSON",
                            "within_units": [
                                "km",
                                "miles"
                            ],
                            "crs_details": [
                                {
                                    "crs": "CRS84",
                                    "wkt": "GEOGCS[\"WGS 84\",DATUM[\"WGS_1984\",SPHEROID[\"WGS 84\",6378137,298.257223563,AUTHORITY[\"EPSG\",\"7030\"]],AUTHORITY[\"EPSG\",\"6326\"]],PRIMEM[\"Greenwich\",0,AUTHORITY[\"EPSG\",\"8901\"]],UNIT[\"degree\",0.01745329251994328,AUTHORITY[\"EPSG\",\"9122\"]],AUTHORITY[\"EPSG\",\"4326\"]]"
                                }
                            ]
                        }
                    }
                },
                "area": {
                    "link": {
                        "href": "http://http://www.example.org/edr/collections/3_hrly_fcst/instances/2020-06-30T10:00:00Z/area?coords={coords}",
                        "hreflang": "en",
                        "rel": "data",
                        "templated": true,
                        "variables": {
                            "title": "Area query",
                            "description": "Area query",
                            "query_type": "area",
                            "coords": {
                                "description": "Well Known Text POLYGON value i.e. POLYGON((-79 40,-79 38,-75 38,-75 41,-79 40))"
                            },
                            "output_formats": [
                                "CoverageJSON",
                                "GeoJSON",
                                "CSV"
                            ],
                            "default_output_format": "CoverageJSON",
                            "crs_details": [
                                {
                                    "crs": "CRS84",
                                    "wkt": "GEOGCS[\"WGS 84\",DATUM[\"WGS_1984\",SPHEROID[\"WGS 84\",6378137,298.257223563,AUTHORITY[\"EPSG\",\"7030\"]],AUTHORITY[\"EPSG\",\"6326\"]],PRIMEM[\"Greenwich\",0,AUTHORITY[\"EPSG\",\"8901\"]],UNIT[\"degree\",0.01745329251994328,AUTHORITY[\"EPSG\",\"9122\"]],AUTHORITY[\"EPSG\",\"4326\"]]"
                                }
                            ]
                        }
                    }
                },
                "locations": {
                    "link": {
                        "href": "http://http://www.example.org/edr/collections/3_hrly_fcst/instances/2020-06-30T10:00:00Z/locations",
                        "hreflang": "en",
                        "rel": "data",
                        "templated": false,
                        "variables": {
                            "title": "Locations query",
                            "description": "Locations query",
                            "query_type": "location",
                            "output_formats": [
                                "CoverageJSON",
                                "GeoJSON"
                            ],
                            "default_output_format": "GeoJSON",
                            "crs_details": [
                                {
                                    "crs": "CRS84",
                                    "wkt": "GEOGCS[\"WGS 84\",DATUM[\"WGS_1984\",SPHEROID[\"WGS 84\",6378137,298.257223563,AUTHORITY[\"EPSG\",\"7030\"]],AUTHORITY[\"EPSG\",\"6326\"]],PRIMEM[\"Greenwich\",0,AUTHORITY[\"EPSG\",\"8901\"]],UNIT[\"degree\",0.01745329251994328,AUTHORITY[\"EPSG\",\"9122\"]],AUTHORITY[\"EPSG\",\"4326\"]]"
                                }
                            ]
                        }
                    }
                }
            },
            "crs": [
                "CRS84"
            ],
            "output_formats": [
                "GeoJSON",
                "CoverageJSON",
                "CSV"
            ],
            "parameter_names": {
                "Wind Direction": {
                    "type": "Parameter",
                    "description": "Direction wind is from",
                    "unit": {
                        "label": "degree true",
                        "symbol": {
                            "value": "°",
                            "type": "http://http://www.example.org/edr/metadata/units/degree"
                        }
                    },
                    "observedProperty": {
                        "id": "http://codes.wmo.int/grib2/codeflag/4.2/_0-2-0",
                        "label": "Wind Direction"
                    },
                    "measurementType": {
                        "method": "mean",
                        "period": "-PT10M/PT0M"
                    }
                },
                "Wind Speed": {
                    "type": "Parameter",
                    "description": "Average wind speed",
                    "unit": {
                        "label": "mph",
                        "symbol": {
                            "value": "mph",
                            "type": "http://http://www.example.org/edr/metadata/units/mph"
                        }
                    },
                    "observedProperty": {
                        "id": "http://codes.wmo.int/grib2/codeflag/4.2/_0-2-1",
                        "label": "Wind Speed"
                    },
                    "measurementType": {
                        "method": "mean",
                        "period": "-PT10M/PT0M"
                    }
                },
                "Wind Gust": {
                    "type": "Parameter",
                    "description": "Wind gusts are a rapid increase in strength of the wind relative to the wind speed.",
                    "unit": {
                        "label": "mph",
                        "symbol": {
                            "value": "mph",
                            "type": "http://http://www.example.org/edr/metadata/units/mph"
                        }
                    },
                    "observedProperty": {
                        "id": "http://codes.wmo.int/grib2/codeflag/4.2/_0-2-1",
                        "label": "Wind Gust"
                    },
                    "measurementType": {
                        "method": "maximum",
                        "period": "-PT10M/PT0M"
                    }
                },
                "Air Temperature": {
                    "type": "Parameter",
                    "description": "2m air temperature in the shade and out of the wind",
                    "unit": {
                        "label": "degC",
                        "symbol": {
                            "value": "°C",
                            "type": "http://http://www.example.org/edr/metadata/units/degC"
                        }
                    },
                    "observedProperty": {
                        "id": "http://codes.wmo.int/common/quantity-kind/_airTemperature",
                        "label": "Air Temperature"
                    },
                    "measurementType": {
                        "method": "instantaneous",
                        "period": "PT0M"
                    }
                },
                "Weather": {
                    "type": "Parameter",
                    "description": "",
                    "unit": {
                        "label": "weather",
                        "symbol": {
                            "value": "",
                            "type": "http://http://www.example.org/edr/metadata/lookup/mo_dp_weather"
                        }
                    },
                    "observedProperty": {
                        "id": "http://codes.wmo.int/wmdr/ObservedVariableAtmosphere/_266",
                        "label": "Weather"
                    },
                    "measurementType": {
                        "method": "instantaneous",
                        "period": "PT0M"
                    }
                },
                "Relative Humidity": {
                    "type": "Parameter",
                    "description": "",
                    "unit": {
                        "label": "percent",
                        "symbol": {
                            "value": "%",
                            "type": "http://http://www.example.org/edr/metadata/units/percent"
                        }
                    },
                    "observedProperty": {
                        "id": "http://codes.wmo.int/grib2/codeflag/4.2/_0-1-1",
                        "label": "Relative Humidity"
                    },
                    "measurementType": {
                        "method": "instantaneous",
                        "period": "PT0M"
                    }
                },
                "Feels like temperature": {
                    "type": "Parameter",
                    "description": "",
                    "unit": {
                        "label": "degC",
                        "symbol": {
                            "value": "°C",
                            "type": "http://http://www.example.org/edr/metadata/units/degC"
                        }
                    },
                    "observedProperty": {
                        "id": "http://codes.wmo.int/common/quantity-kind/_airTemperature",
                        "label": "Feels like temperature"
                    },
                    "measurementType": {
                        "method": "instantaneous",
                        "period": "PT0M"
                    }
                },
                "UV index": {
                    "type": "Parameter",
                    "description": "",
                    "unit": {
                        "label": "UV_index",
                        "symbol": {
                            "value": "",
                            "type": "http://http://www.example.org/edr/metadata/lookup/mo_dp_uv"
                        }
                    },
                    "observedProperty": {
                        "id": "http://codes.wmo.int/grib2/codeflag/4.2/_0-4-51",
                        "label": "UV index"
                    },
                    "measurementType": {
                        "method": "instantaneous",
                        "period": "PT0M"
                    }
                },
                "Probabilty of precipitation": {
                    "type": "Parameter",
                    "description": "",
                    "unit": {
                        "label": "percent",
                        "symbol": {
                            "value": "%",
                            "type": "http://http://www.example.org/edr/metadata/units/percent"
                        }
                    },
                    "observedProperty": {
                        "id": "http://codes.wmo.int/grib2/codeflag/4.2/_0-1-1",
                        "label": "Probabilty of precipitation"
                    },
                    "measurementType": {
                        "method": "instantaneous",
                        "period": "PT0M"
                    }
                },
                "Visibility": {
                    "type": "Parameter",
                    "description": "",
                    "unit": {
                        "label": "quality",
                        "symbol": {
                            "value": "",
                            "type": "http://http://www.example.org/edr/metadata/lookup/mo_dp_visibility"
                        }
                    },
                    "observedProperty": {
                        "id": "http://codes.wmo.int/common/quantity-kind/_horizontalVisibility",
                        "label": "Visibility"
                    },
                    "measurementType": {
                        "method": "instantaneous",
                        "period": "PT0M"
                    }
                }
            }
        },
        {
            "id": "2020-06-30T09:00:00Z",
            "title": "3 hrly fcst",
            "description": "Five day site specific forecast for 6000 UK locations 3 hrly fcst",
            "keywords": [
                "Wind Direction",
                "Wind Speed",
                "Wind Gust",
                "Air Temperature",
                "Weather",
                "Relative Humidity",
                "Feels like temperature",
                "UV index",
                "Probabilty of precipitation",
                "Visibility"
            ],
            "links": [
                {
                    "href": "http://http://www.example.org/edr/collections/3_hrly_fcst/instances/2020-06-30T10:00:00Z/position",
                    "hreflang": "en",
                    "rel": "data"
                },
                {
                    "href": "http://http://www.example.org/edr/collections/3_hrly_fcst/instances/2020-06-30T10:00:00Z/radius",
                    "hreflang": "en",
                    "rel": "data"
                },
                {
                    "href": "http://http://www.example.org/edr/collections/3_hrly_fcst/instances/2020-06-30T10:00:00Z/area",
                    "hreflang": "en",
                    "rel": "data"
                },
                {
                    "href": "http://http://www.example.org/edr/collections/3_hrly_fcst/instances/2020-06-30T10:00:00Z/locations",
                    "hreflang": "en",
                    "rel": "data"
                }
            ],
            "extent": {
                "spatial": {
                    "bbox": [
                        -15.0,
                        48.0,
                        5.0,
                        62.0
                    ],
                    "crs": "GEOGCS[\"WGS 84\",DATUM[\"WGS_1984\",SPHEROID[\"WGS 84\",6378137,298.257223563,AUTHORITY[\"EPSG\",\"7030\"]],AUTHORITY[\"EPSG\",\"6326\"]],PRIMEM[\"Greenwich\",0,AUTHORITY[\"EPSG\",\"8901\"]],UNIT[\"degree\",0.01745329251994328,AUTHORITY[\"EPSG\",\"9122\"]],AUTHORITY[\"EPSG\",\"4326\"]]"
                },
                "temporal": {
                    "interval": [
                        "2020-06-30T06:00:00Z/2020-07-04T21:00:00Z"
                    ],
                    "trs": "TIMECRS[\"DateTime\",TDATUM[\"Gregorian Calendar\"],CS[TemporalDateTime,1],AXIS[\"Time (T)\",future]"
                }
            },
            "data_queries": {
                "position": {
                    "link": {
                        "href": "http://http://www.example.org/edr/collections/3_hrly_fcst/instances/2020-06-30T10:00:00Z/position?coords={coords}",
                        "hreflang": "en",
                        "rel": "data",
                        "templated": true,
                        "variables": {
                            "title": "Position query",
                            "description": "Position query",
                            "query_type": "position",
                            "coords": {
                                "description": "Well Known Text POINT value i.e. POINT(-120, 55)"
                            },
                            "output_formats": [
                                "CoverageJSON",
                                "GeoJSON"
                            ],
                            "default_output_format": "GeoJSON",
                            "crs_details": [
                                {
                                    "crs": "CRS84",
                                    "wkt": "GEOGCS[\"WGS 84\",DATUM[\"WGS_1984\",SPHEROID[\"WGS 84\",6378137,298.257223563,AUTHORITY[\"EPSG\",\"7030\"]],AUTHORITY[\"EPSG\",\"6326\"]],PRIMEM[\"Greenwich\",0,AUTHORITY[\"EPSG\",\"8901\"]],UNIT[\"degree\",0.01745329251994328,AUTHORITY[\"EPSG\",\"9122\"]],AUTHORITY[\"EPSG\",\"4326\"]]"
                                }
                            ]
                        }
                    }
                },
                "radius": {
                    "link": {
                        "href": "http://http://www.example.org/edr/collections/3_hrly_fcst/instances/2020-06-30T10:00:00Z/radius?coords={coords}",
                        "hreflang": "en",
                        "rel": "data",
                        "templated": true,
                        "variables": {
                            "title": "Radius query",
                            "description": "Radius query",
                            "query_type": "radius",
                            "coords": {
                                "description": "Well Known Text POINT value i.e. POINT(-120, 55)"
                            },
                            "output_formats": [
                                "CoverageJSON",
                                "GeoJSON",
                                "CSV"
                            ],
                            "default_output_format": "GeoJSON",
                            "within_units": [
                                "km",
                                "miles"
                            ],
                            "crs_details": [
                                {
                                    "crs": "CRS84",
                                    "wkt": "GEOGCS[\"WGS 84\",DATUM[\"WGS_1984\",SPHEROID[\"WGS 84\",6378137,298.257223563,AUTHORITY[\"EPSG\",\"7030\"]],AUTHORITY[\"EPSG\",\"6326\"]],PRIMEM[\"Greenwich\",0,AUTHORITY[\"EPSG\",\"8901\"]],UNIT[\"degree\",0.01745329251994328,AUTHORITY[\"EPSG\",\"9122\"]],AUTHORITY[\"EPSG\",\"4326\"]]"
                                }
                            ]
                        }
                    }
                },
                "area": {
                    "link": {
                        "href": "http://http://www.example.org/edr/collections/3_hrly_fcst/instances/2020-06-30T10:00:00Z/area?coords={coords}",
                        "hreflang": "en",
                        "rel": "data",
                        "title": "",
                        "templated": true,
                        "variables": {
                            "title": "Area query",
                            "description": "Area query",
                            "query_type": "area",
                            "coords": {
                                "description": "Well Known Text POLYGON value i.e. POLYGON((-79 40,-79 38,-75 38,-75 41,-79 40))"
                            },
                            "output_formats": [
                                "CoverageJSON",
                                "GeoJSON",
                                "CSV"
                            ],
                            "default_output_format": "CoverageJSON",
                            "crs_details": [
                                {
                                    "crs": "CRS84",
                                    "wkt": "GEOGCS[\"WGS 84\",DATUM[\"WGS_1984\",SPHEROID[\"WGS 84\",6378137,298.257223563,AUTHORITY[\"EPSG\",\"7030\"]],AUTHORITY[\"EPSG\",\"6326\"]],PRIMEM[\"Greenwich\",0,AUTHORITY[\"EPSG\",\"8901\"]],UNIT[\"degree\",0.01745329251994328,AUTHORITY[\"EPSG\",\"9122\"]],AUTHORITY[\"EPSG\",\"4326\"]]"
                                }
                            ]
                        }
                    }
                },
                "locations": {
                    "link": {
                        "href": "http://http://www.example.org/edr/collections/3_hrly_fcst/instances/2020-06-30T10:00:00Z/locations",
                        "hreflang": "en",
                        "rel": "data",
                        "templated": false,
                        "variables": {
                            "title": "Locations query",
                            "description": "Locations query",
                            "query_type": "location",
                            "output_formats": [
                                "CoverageJSON",
                                "GeoJSON"
                            ],
                            "default_output_format": "GeoJSON",
                            "crs_details": [
                                {
                                    "crs": "CRS84",
                                    "wkt": "GEOGCS[\"WGS 84\",DATUM[\"WGS_1984\",SPHEROID[\"WGS 84\",6378137,298.257223563,AUTHORITY[\"EPSG\",\"7030\"]],AUTHORITY[\"EPSG\",\"6326\"]],PRIMEM[\"Greenwich\",0,AUTHORITY[\"EPSG\",\"8901\"]],UNIT[\"degree\",0.01745329251994328,AUTHORITY[\"EPSG\",\"9122\"]],AUTHORITY[\"EPSG\",\"4326\"]]"
                                }
                            ]
                        }
                    }
                }
            },
            "crs": [
                "CRS84"
            ],
            "output_formats": [
                "GeoJSON",
                "CoverageJSON",
                "CSV"
            ],
            "parameter_names": {
                "Wind Direction": {
                    "type": "Parameter",
                    "description": "Direction wind is from",
                    "unit": {
                        "label": "degree true",
                        "symbol": {
                            "value": "°",
                            "type": "http://http://www.example.org/edr/metadata/units/degree"
                        }
                    },
                    "observedProperty": {
                        "id": "http://codes.wmo.int/grib2/codeflag/4.2/_0-2-0",
                        "label": "Wind Direction"
                    },
                    "measurementType": {
                        "method": "mean",
                        "period": "-PT10M/PT0M"
                    }
                },
                "Wind Speed": {
                    "type": "Parameter",
                    "description": "Average wind speed",
                    "unit": {
                        "label": "mph",
                        "symbol": {
                            "value": "mph",
                            "type": "http://http://www.example.org/edr/metadata/units/mph"
                        }
                    },
                    "observedProperty": {
                        "id": "http://codes.wmo.int/grib2/codeflag/4.2/_0-2-1",
                        "label": "Wind Speed"
                    },
                    "measurementType": {
                        "method": "mean",
                        "period": "-PT10M/PT0M"
                    }
                },
                "Wind Gust": {
                    "type": "Parameter",
                    "description": "Wind gusts are a rapid increase in strength of the wind relative to the wind speed.",
                    "unit": {
                        "label": "mph",
                        "symbol": {
                            "value": "mph",
                            "type": "http://http://www.example.org/edr/metadata/units/mph"
                        }
                    },
                    "observedProperty": {
                        "id": "http://codes.wmo.int/grib2/codeflag/4.2/_0-2-1",
                        "label": "Wind Gust"
                    },
                    "measurementType": {
                        "method": "maximum",
                        "period": "-PT10M/PT0M"
                    }
                },
                "Air Temperature": {
                    "type": "Parameter",
                    "description": "2m air temperature in the shade and out of the wind",
                    "unit": {
                        "label": "degC",
                        "symbol": {
                            "value": "°C",
                            "type": "http://http://www.example.org/edr/metadata/units/degC"
                        }
                    },
                    "observedProperty": {
                        "id": "http://codes.wmo.int/common/quantity-kind/_airTemperature",
                        "label": "Air Temperature"
                    },
                    "measurementType": {
                        "method": "instantaneous",
                        "period": "PT0M"
                    }
                },
                "Weather": {
                    "type": "Parameter",
                    "description": "",
                    "unit": {
                        "label": "weather",
                        "symbol": {
                            "value": "",
                            "type": "http://http://www.example.org/edr/metadata/lookup/mo_dp_weather"
                        }
                    },
                    "observedProperty": {
                        "id": "http://codes.wmo.int/wmdr/ObservedVariableAtmosphere/_266",
                        "label": "Weather"
                    },
                    "measurementType": {
                        "method": "instantaneous",
                        "period": "PT0M"
                    }
                },
                "Relative Humidity": {
                    "type": "Parameter",
                    "description": "",
                    "unit": {
                        "label": "percent",
                        "symbol": {
                            "value": "%",
                            "type": "http://http://www.example.org/edr/metadata/units/percent"
                        }
                    },
                    "observedProperty": {
                        "id": "http://codes.wmo.int/grib2/codeflag/4.2/_0-1-1",
                        "label": "Relative Humidity"
                    },
                    "measurementType": {
                        "method": "instantaneous",
                        "period": "PT0M"
                    }
                },
                "Feels like temperature": {
                    "type": "Parameter",
                    "description": "",
                    "unit": {
                        "label": "degC",
                        "symbol": {
                            "value": "°C",
                            "type": "http://http://www.example.org/edr/metadata/units/degC"
                        }
                    },
                    "observedProperty": {
                        "id": "http://codes.wmo.int/common/quantity-kind/_airTemperature",
                        "label": "Feels like temperature"
                    },
                    "measurementType": {
                        "method": "instantaneous",
                        "period": "PT0M"
                    }
                },
                "UV index": {
                    "type": "Parameter",
                    "description": "",
                    "unit": {
                        "label": "UV_index",
                        "symbol": {
                            "value": "",
                            "type": "http://http://www.example.org/edr/metadata/lookup/mo_dp_uv"
                        }
                    },
                    "observedProperty": {
                        "id": "http://codes.wmo.int/grib2/codeflag/4.2/_0-4-51",
                        "label": "UV index"
                    },
                    "measurementType": {
                        "method": "instantaneous",
                        "period": "PT0M"
                    }
                },
                "Probabilty of precipitation": {
                    "type": "Parameter",
                    "description": "",
                    "unit": {
                        "label": "percent",
                        "symbol": {
                            "value": "%",
                            "type": "http://http://www.example.org/edr/metadata/units/percent"
                        }
                    },
                    "observedProperty": {
                        "id": "http://codes.wmo.int/grib2/codeflag/4.2/_0-1-1",
                        "label": "Probabilty of precipitation"
                    },
                    "measurementType": {
                        "method": "instantaneous",
                        "period": "PT0M"
                    }
                },
                "Visibility": {
                    "type": "Parameter",
                    "description": "",
                    "unit": {
                        "label": "quality",
                        "symbol": {
                            "value": "",
                            "type": "http://http://www.example.org/edr/metadata/lookup/mo_dp_visibility"
                        }
                    },
                    "observedProperty": {
                        "id": "http://codes.wmo.int/common/quantity-kind/_horizontalVisibility",
                        "label": "Visibility"
                    },
                    "measurementType": {
                        "method": "instantaneous",
                        "period": "PT0M"
                    }
                }
            }
        },
        {
            "id": "2020-06-30T08:00:00Z",
            "title": "3 hrly fcst",
            "description": "Five day site specific forecast for 6000 UK locations 3 hrly fcst",
            "keywords": [
                "Wind Direction",
                "Wind Speed",
                "Wind Gust",
                "Air Temperature",
                "Weather",
                "Relative Humidity",
                "Feels like temperature",
                "UV index",
                "Probabilty of precipitation",
                "Visibility"
            ],
            "links": [
                {
                    "href": "http://http://www.example.org/edr/collections/3_hrly_fcst/instances/2020-06-30T10:00:00Z/position",
                    "hreflang": "en",
                    "rel": "data"
                },
                {
                    "href": "http://http://www.example.org/edr/collections/3_hrly_fcst/instances/2020-06-30T10:00:00Z/radius",
                    "hreflang": "en",
                    "rel": "data"
                },
                {
                    "href": "http://http://www.example.org/edr/collections/3_hrly_fcst/instances/2020-06-30T10:00:00Z/area",
                    "hreflang": "en",
                    "rel": "data"
                },
                {
                    "href": "http://http://www.example.org/edr/collections/3_hrly_fcst/instances/2020-06-30T10:00:00Z/locations",
                    "hreflang": "en",
                    "rel": "data"
                }
            ],
            "extent": {
                "spatial": {
                    "bbox": [
                        -15.0,
                        48.0,
                        5.0,
                        62.0
                    ],
                    "crs": "GEOGCS[\"WGS 84\",DATUM[\"WGS_1984\",SPHEROID[\"WGS 84\",6378137,298.257223563,AUTHORITY[\"EPSG\",\"7030\"]],AUTHORITY[\"EPSG\",\"6326\"]],PRIMEM[\"Greenwich\",0,AUTHORITY[\"EPSG\",\"8901\"]],UNIT[\"degree\",0.01745329251994328,AUTHORITY[\"EPSG\",\"9122\"]],AUTHORITY[\"EPSG\",\"4326\"]]"
                },
                "temporal": {
                    "interval": [
                        "2020-06-30T03:00:00Z/2020-07-04T21:00:00Z"
                    ],
                    "trs": "TIMECRS[\"DateTime\",TDATUM[\"Gregorian Calendar\"],CS[TemporalDateTime,1],AXIS[\"Time (T)\",future]"
                }
            },
            "data_queries": {
                "position": {
                    "link": {
                        "href": "http://http://www.example.org/edr/collections/3_hrly_fcst/instances/2020-06-30T10:00:00Z/position?coords={coords}",
                        "hreflang": "en",
                        "rel": "data",
                        "templated": true,
                        "variables": {
                            "title": "Position query",
                            "description": "Position query",
                            "query_type": "position",
                            "coords": {
                                "description": "Well Known Text POINT value i.e. POINT(-120, 55)"
                            },
                            "output_formats": [
                                "CoverageJSON",
                                "GeoJSON"
                            ],
                            "default_output_format": "GeoJSON",
                            "crs_details": [
                                {
                                    "crs": "CRS84",
                                    "wkt": "GEOGCS[\"WGS 84\",DATUM[\"WGS_1984\",SPHEROID[\"WGS 84\",6378137,298.257223563,AUTHORITY[\"EPSG\",\"7030\"]],AUTHORITY[\"EPSG\",\"6326\"]],PRIMEM[\"Greenwich\",0,AUTHORITY[\"EPSG\",\"8901\"]],UNIT[\"degree\",0.01745329251994328,AUTHORITY[\"EPSG\",\"9122\"]],AUTHORITY[\"EPSG\",\"4326\"]]"
                                }
                            ]
                        }
                    }
                },
                "radius": {
                    "link": {
                        "href": "http://http://www.example.org/edr/collections/3_hrly_fcst/instances/2020-06-30T10:00:00Z/radius?coords={coords}",
                        "hreflang": "en",
                        "rel": "data",
                        "templated": true,
                        "variables": {
                            "title": "Radius query",
                            "description": "Radius query",
                            "query_type": "radius",
                            "coords": {
                                "description": "Well Known Text POINT value i.e. POINT(-120, 55)"
                            },
                            "output_formats": [
                                "CoverageJSON",
                                "GeoJSON",
                                "CSV"
                            ],
                            "default_output_format": "GeoJSON",
                            "within_units": [
                                "km",
                                "miles"
                            ],
                            "crs_details": [
                                {
                                    "crs": "CRS84",
                                    "wkt": "GEOGCS[\"WGS 84\",DATUM[\"WGS_1984\",SPHEROID[\"WGS 84\",6378137,298.257223563,AUTHORITY[\"EPSG\",\"7030\"]],AUTHORITY[\"EPSG\",\"6326\"]],PRIMEM[\"Greenwich\",0,AUTHORITY[\"EPSG\",\"8901\"]],UNIT[\"degree\",0.01745329251994328,AUTHORITY[\"EPSG\",\"9122\"]],AUTHORITY[\"EPSG\",\"4326\"]]"
                                }
                            ]
                        }
                    }
                },
                "area": {
                    "link": {
                        "href": "http://http://www.example.org/edr/collections/3_hrly_fcst/instances/2020-06-30T10:00:00Z/area?coords={coords}",
                        "hreflang": "en",
                        "rel": "data",
                        "title": "",
                        "templated": true,
                        "variables": {
                            "title": "Area query",
                            "description": "Area query",
                            "query_type": "area",
                            "coords": {
                                "description": "Well Known Text POLYGON value i.e. POLYGON((-79 40,-79 38,-75 38,-75 41,-79 40))"
                            },
                            "output_formats": [
                                "CoverageJSON",
                                "GeoJSON",
                                "CSV"
                            ],
                            "default_output_format": "CoverageJSON",
                            "crs_details": [
                                {
                                    "crs": "CRS84",
                                    "wkt": "GEOGCS[\"WGS 84\",DATUM[\"WGS_1984\",SPHEROID[\"WGS 84\",6378137,298.257223563,AUTHORITY[\"EPSG\",\"7030\"]],AUTHORITY[\"EPSG\",\"6326\"]],PRIMEM[\"Greenwich\",0,AUTHORITY[\"EPSG\",\"8901\"]],UNIT[\"degree\",0.01745329251994328,AUTHORITY[\"EPSG\",\"9122\"]],AUTHORITY[\"EPSG\",\"4326\"]]"
                                }
                            ]
                        }
                    }
                },
                "locations": {
                    "link": {
                        "href": "http://http://www.example.org/edr/collections/3_hrly_fcst/instances/2020-06-30T10:00:00Z/locations",
                        "hreflang": "en",
                        "rel": "data",
                        "templated": false,
                        "variables": {
                            "title": "Locations query",
                            "description": "Locations query",
                            "query_type": "location",
                            "output_formats": [
                                "CoverageJSON",
                                "GeoJSON"
                            ],
                            "default_output_format": "GeoJSON",
                            "crs_details": [
                                {
                                    "crs": "CRS84",
                                    "wkt": "GEOGCS[\"WGS 84\",DATUM[\"WGS_1984\",SPHEROID[\"WGS 84\",6378137,298.257223563,AUTHORITY[\"EPSG\",\"7030\"]],AUTHORITY[\"EPSG\",\"6326\"]],PRIMEM[\"Greenwich\",0,AUTHORITY[\"EPSG\",\"8901\"]],UNIT[\"degree\",0.01745329251994328,AUTHORITY[\"EPSG\",\"9122\"]],AUTHORITY[\"EPSG\",\"4326\"]]"
                                }
                            ]
                        }
                    }
                }
            },
            "crs": [
                "CRS84"
            ],
            "output_formats": [
                "GeoJSON",
                "CoverageJSON",
                "CSV"
            ],
            "parameter_names": {
                "Wind Direction": {
                    "type": "Parameter",
                    "description": "Direction wind is from",
                    "unit": {
                        "label": "degree true",
                        "symbol": {
                            "value": "°",
                            "type": "http://http://www.example.org/edr/metadata/units/degree"
                        }
                    },
                    "observedProperty": {
                        "id": "http://codes.wmo.int/grib2/codeflag/4.2/_0-2-0",
                        "label": "Wind Direction"
                    },
                    "measurementType": {
                        "method": "mean",
                        "period": "-PT10M/PT0M"
                    }
                },
                "Wind Speed": {
                    "type": "Parameter",
                    "description": "Average wind speed",
                    "unit": {
                        "label": "mph",
                        "symbol": {
                            "value": "mph",
                            "type": "http://http://www.example.org/edr/metadata/units/mph"
                        }
                    },
                    "observedProperty": {
                        "id": "http://codes.wmo.int/grib2/codeflag/4.2/_0-2-1",
                        "label": "Wind Speed"
                    },
                    "measurementType": {
                        "method": "mean",
                        "period": "-PT10M/PT0M"
                    }
                },
                "Wind Gust": {
                    "type": "Parameter",
                    "description": "Wind gusts are a rapid increase in strength of the wind relative to the wind speed.",
                    "unit": {
                        "label": "mph",
                        "symbol": {
                            "value": "mph",
                            "type": "http://http://www.example.org/edr/metadata/units/mph"
                        }
                    },
                    "observedProperty": {
                        "id": "http://codes.wmo.int/grib2/codeflag/4.2/_0-2-1",
                        "label": "Wind Gust"
                    },
                    "measurementType": {
                        "method": "maximum",
                        "period": "-PT10M/PT0M"
                    }
                },
                "Air Temperature": {
                    "type": "Parameter",
                    "description": "2m air temperature in the shade and out of the wind",
                    "unit": {
                        "label": "degC",
                        "symbol": {
                            "value": "°C",
                            "type": "http://http://www.example.org/edr/metadata/units/degC"
                        }
                    },
                    "observedProperty": {
                        "id": "http://codes.wmo.int/common/quantity-kind/_airTemperature",
                        "label": "Air Temperature"
                    },
                    "measurementType": {
                        "method": "instantaneous",
                        "period": "PT0M"
                    }
                },
                "Weather": {
                    "type": "Parameter",
                    "description": "",
                    "unit": {
                        "label": "weather",
                        "symbol": {
                            "value": "",
                            "type": "http://http://www.example.org/edr/metadata/lookup/mo_dp_weather"
                        }
                    },
                    "observedProperty": {
                        "id": "http://codes.wmo.int/wmdr/ObservedVariableAtmosphere/_266",
                        "label": "Weather"
                    },
                    "measurementType": {
                        "method": "instantaneous",
                        "period": "PT0M"
                    }
                },
                "Relative Humidity": {
                    "type": "Parameter",
                    "description": "",
                    "unit": {
                        "label": "percent",
                        "symbol": {
                            "value": "%",
                            "type": "http://http://www.example.org/edr/metadata/units/percent"
                        }
                    },
                    "observedProperty": {
                        "id": "http://codes.wmo.int/grib2/codeflag/4.2/_0-1-1",
                        "label": "Relative Humidity"
                    },
                    "measurementType": {
                        "method": "instantaneous",
                        "period": "PT0M"
                    }
                },
                "Feels like temperature": {
                    "type": "Parameter",
                    "description": "",
                    "unit": {
                        "label": "degC",
                        "symbol": {
                            "value": "°C",
                            "type": "http://http://www.example.org/edr/metadata/units/degC"
                        }
                    },
                    "observedProperty": {
                        "id": "http://codes.wmo.int/common/quantity-kind/_airTemperature",
                        "label": "Feels like temperature"
                    },
                    "measurementType": {
                        "method": "instantaneous",
                        "period": "PT0M"
                    }
                },
                "UV index": {
                    "type": "Parameter",
                    "description": "",
                    "unit": {
                        "label": "UV_index",
                        "symbol": {
                            "value": "",
                            "type": "http://http://www.example.org/edr/metadata/lookup/mo_dp_uv"
                        }
                    },
                    "observedProperty": {
                        "id": "http://codes.wmo.int/grib2/codeflag/4.2/_0-4-51",
                        "label": "UV index"
                    },
                    "measurementType": {
                        "method": "instantaneous",
                        "period": "PT0M"
                    }
                },
                "Probabilty of precipitation": {
                    "type": "Parameter",
                    "description": "",
                    "unit": {
                        "label": "percent",
                        "symbol": {
                            "value": "%",
                            "type": "http://http://www.example.org/edr/metadata/units/percent"
                        }
                    },
                    "observedProperty": {
                        "id": "http://codes.wmo.int/grib2/codeflag/4.2/_0-1-1",
                        "label": "Probabilty of precipitation"
                    },
                    "measurementType": {
                        "method": "instantaneous",
                        "period": "PT0M"
                    }
                },
                "Visibility": {
                    "type": "Parameter",
                    "description": "",
                    "unit": {
                        "label": "quality",
                        "symbol": {
                            "value": "",
                            "type": "http://http://www.example.org/edr/metadata/lookup/mo_dp_visibility"
                        }
                    },
                    "observedProperty": {
                        "id": "http://codes.wmo.int/common/quantity-kind/_horizontalVisibility",
                        "label": "Visibility"
                    },
                    "measurementType": {
                        "method": "instantaneous",
                        "period": "PT0M"
                    }
                }
            }
        },
        {
            "id": "2020-06-30T07:00:00Z",
            "title": "3 hrly fcst",
            "description": "Five day site specific forecast for 6000 UK locations 3 hrly fcst",
            "keywords": [
                "Wind Direction",
                "Wind Speed",
                "Wind Gust",
                "Air Temperature",
                "Weather",
                "Relative Humidity",
                "Feels like temperature",
                "UV index",
                "Probabilty of precipitation",
                "Visibility"
            ],
            "links": [
                {
                    "href": "http://http://www.example.org/edr/collections/3_hrly_fcst/instances/2020-06-30T10:00:00Z/position",
                    "hreflang": "en",
                    "rel": "data"
                },
                {
                    "href": "http://http://www.example.org/edr/collections/3_hrly_fcst/instances/2020-06-30T10:00:00Z/radius",
                    "hreflang": "en",
                    "rel": "data"
                },
                {
                    "href": "http://http://www.example.org/edr/collections/3_hrly_fcst/instances/2020-06-30T10:00:00Z/area",
                    "hreflang": "en",
                    "rel": "data"
                },
                {
                    "href": "http://http://www.example.org/edr/collections/3_hrly_fcst/instances/2020-06-30T10:00:00Z/locations",
                    "hreflang": "en",
                    "rel": "data"
                }
            ],
            "extent": {
                "spatial": {
                    "bbox": [
                        -15.0,
                        48.0,
                        5.0,
                        62.0
                    ],
                    "crs": "GEOGCS[\"WGS 84\",DATUM[\"WGS_1984\",SPHEROID[\"WGS 84\",6378137,298.257223563,AUTHORITY[\"EPSG\",\"7030\"]],AUTHORITY[\"EPSG\",\"6326\"]],PRIMEM[\"Greenwich\",0,AUTHORITY[\"EPSG\",\"8901\"]],UNIT[\"degree\",0.01745329251994328,AUTHORITY[\"EPSG\",\"9122\"]],AUTHORITY[\"EPSG\",\"4326\"]]"
                },
                "temporal": {
                    "interval": [
                        "2020-06-30T03:00:00Z/2020-07-04T21:00:00Z"
                    ],
                    "trs": "TIMECRS[\"DateTime\",TDATUM[\"Gregorian Calendar\"],CS[TemporalDateTime,1],AXIS[\"Time (T)\",future]"
                }
            },
            "data_queries": {
                "position": {
                    "link": {
                        "href": "http://http://www.example.org/edr/collections/3_hrly_fcst/instances/2020-06-30T10:00:00Z/position?coords={coords}",
                        "hreflang": "en",
                        "rel": "data",
                        "templated": true,
                        "variables": {
                            "title": "Position query",
                            "description": "Position query",
                            "query_type": "position",
                            "coords": {
                                "description": "Well Known Text POINT value i.e. POINT(-120, 55)"
                            },
                            "output_formats": [
                                "CoverageJSON",
                                "GeoJSON"
                            ],
                            "default_output_format": "GeoJSON",
                            "crs_details": [
                                {
                                    "crs": "CRS84",
                                    "wkt": "GEOGCS[\"WGS 84\",DATUM[\"WGS_1984\",SPHEROID[\"WGS 84\",6378137,298.257223563,AUTHORITY[\"EPSG\",\"7030\"]],AUTHORITY[\"EPSG\",\"6326\"]],PRIMEM[\"Greenwich\",0,AUTHORITY[\"EPSG\",\"8901\"]],UNIT[\"degree\",0.01745329251994328,AUTHORITY[\"EPSG\",\"9122\"]],AUTHORITY[\"EPSG\",\"4326\"]]"
                                }
                            ]
                        }
                    }
                },
                "radius": {
                    "link": {
                        "href": "http://http://www.example.org/edr/collections/3_hrly_fcst/instances/2020-06-30T10:00:00Z/radius?coords={coords}",
                        "hreflang": "en",
                        "rel": "data",
                        "templated": true,
                        "variables": {
                            "title": "Radius query",
                            "description": "Radius query",
                            "query_type": "radius",
                            "coords": {
                                "description": "Well Known Text POINT value i.e. POINT(-120, 55)"
                            },
                            "output_formats": [
                                "CoverageJSON",
                                "GeoJSON",
                                "CSV"
                            ],
                            "default_output_format": "GeoJSON",
                            "within_units": [
                                "km",
                                "miles"
                            ],
                            "crs_details": [
                                {
                                    "crs": "CRS84",
                                    "wkt": "GEOGCS[\"WGS 84\",DATUM[\"WGS_1984\",SPHEROID[\"WGS 84\",6378137,298.257223563,AUTHORITY[\"EPSG\",\"7030\"]],AUTHORITY[\"EPSG\",\"6326\"]],PRIMEM[\"Greenwich\",0,AUTHORITY[\"EPSG\",\"8901\"]],UNIT[\"degree\",0.01745329251994328,AUTHORITY[\"EPSG\",\"9122\"]],AUTHORITY[\"EPSG\",\"4326\"]]"
                                }
                            ]
                        }
                    }
                },
                "area": {
                    "link": {
                        "href": "http://http://www.example.org/edr/collections/3_hrly_fcst/instances/2020-06-30T10:00:00Z/area?coords={coords}",
                        "hreflang": "en",
                        "rel": "data",
                        "templated": true,
                        "variables": {
                            "title": "Area query",
                            "description": "Area query",
                            "query_type": "area",
                            "coords": {
                                "description": "Well Known Text POLYGON value i.e. POLYGON((-79 40,-79 38,-75 38,-75 41,-79 40))"
                            },
                            "output_formats": [
                                "CoverageJSON",
                                "GeoJSON",
                                "CSV"
                            ],
                            "default_output_format": "CoverageJSON",
                            "crs_details": [
                                {
                                    "crs": "CRS84",
                                    "wkt": "GEOGCS[\"WGS 84\",DATUM[\"WGS_1984\",SPHEROID[\"WGS 84\",6378137,298.257223563,AUTHORITY[\"EPSG\",\"7030\"]],AUTHORITY[\"EPSG\",\"6326\"]],PRIMEM[\"Greenwich\",0,AUTHORITY[\"EPSG\",\"8901\"]],UNIT[\"degree\",0.01745329251994328,AUTHORITY[\"EPSG\",\"9122\"]],AUTHORITY[\"EPSG\",\"4326\"]]"
                                }
                            ]
                        }
                    }
                },
                "locations": {
                    "link": {
                        "href": "http://http://www.example.org/edr/collections/3_hrly_fcst/instances/2020-06-30T10:00:00Z/locations",
                        "hreflang": "en",
                        "rel": "data",
                        "templated": false,
                        "variables": {
                            "title": "Locations query",
                            "description": "Locations query",
                            "query_type": "location",
                            "output_formats": [
                                "CoverageJSON",
                                "GeoJSON"
                            ],
                            "default_output_format": "GeoJSON",
                            "crs_details": [
                                {
                                    "crs": "CRS84",
                                    "wkt": "GEOGCS[\"WGS 84\",DATUM[\"WGS_1984\",SPHEROID[\"WGS 84\",6378137,298.257223563,AUTHORITY[\"EPSG\",\"7030\"]],AUTHORITY[\"EPSG\",\"6326\"]],PRIMEM[\"Greenwich\",0,AUTHORITY[\"EPSG\",\"8901\"]],UNIT[\"degree\",0.01745329251994328,AUTHORITY[\"EPSG\",\"9122\"]],AUTHORITY[\"EPSG\",\"4326\"]]"
                                }
                            ]
                        }
                    }
                }
            },
            "crs": [
                "CRS84"
            ],
            "output_formats": [
                "GeoJSON",
                "CoverageJSON",
                "CSV"
            ],
            "parameter_names": {
                "Wind Direction": {
                    "type": "Parameter",
                    "description": "Direction wind is from",
                    "unit": {
                        "label": "degree true",
                        "symbol": {
                            "value": "°",
                            "type": "http://http://www.example.org/edr/metadata/units/degree"
                        }
                    },
                    "observedProperty": {
                        "id": "http://codes.wmo.int/grib2/codeflag/4.2/_0-2-0",
                        "label": "Wind Direction"
                    },
                    "measurementType": {
                        "method": "mean",
                        "period": "-PT10M/PT0M"
                    }
                },
                "Wind Speed": {
                    "type": "Parameter",
                    "description": "Average wind speed",
                    "unit": {
                        "label": "mph",
                        "symbol": {
                            "value": "mph",
                            "type": "http://http://www.example.org/edr/metadata/units/mph"
                        }
                    },
                    "observedProperty": {
                        "id": "http://codes.wmo.int/grib2/codeflag/4.2/_0-2-1",
                        "label": "Wind Speed"
                    },
                    "measurementType": {
                        "method": "mean",
                        "period": "-PT10M/PT0M"
                    }
                },
                "Wind Gust": {
                    "type": "Parameter",
                    "description": "Wind gusts are a rapid increase in strength of the wind relative to the wind speed.",
                    "unit": {
                        "label": "mph",
                        "symbol": {
                            "value": "mph",
                            "type": "http://http://www.example.org/edr/metadata/units/mph"
                        }
                    },
                    "observedProperty": {
                        "id": "http://codes.wmo.int/grib2/codeflag/4.2/_0-2-1",
                        "label": "Wind Gust"
                    },
                    "measurementType": {
                        "method": "maximum",
                        "period": "-PT10M/PT0M"
                    }
                },
                "Air Temperature": {
                    "type": "Parameter",
                    "description": "2m air temperature in the shade and out of the wind",
                    "unit": {
                        "label": "degC",
                        "symbol": {
                            "value": "°C",
                            "type": "http://http://www.example.org/edr/metadata/units/degC"
                        }
                    },
                    "observedProperty": {
                        "id": "http://codes.wmo.int/common/quantity-kind/_airTemperature",
                        "label": "Air Temperature"
                    },
                    "measurementType": {
                        "method": "instantaneous",
                        "period": "PT0M"
                    }
                },
                "Weather": {
                    "type": "Parameter",
                    "description": "",
                    "unit": {
                        "label": "weather",
                        "symbol": {
                            "value": "",
                            "type": "http://http://www.example.org/edr/metadata/lookup/mo_dp_weather"
                        }
                    },
                    "observedProperty": {
                        "id": "http://codes.wmo.int/wmdr/ObservedVariableAtmosphere/_266",
                        "label": "Weather"
                    },
                    "measurementType": {
                        "method": "instantaneous",
                        "period": "PT0M"
                    }
                },
                "Relative Humidity": {
                    "type": "Parameter",
                    "description": "",
                    "unit": {
                        "label": "percent",
                        "symbol": {
                            "value": "%",
                            "type": "http://http://www.example.org/edr/metadata/units/percent"
                        }
                    },
                    "observedProperty": {
                        "id": "http://codes.wmo.int/grib2/codeflag/4.2/_0-1-1",
                        "label": "Relative Humidity"
                    },
                    "measurementType": {
                        "method": "instantaneous",
                        "period": "PT0M"
                    }
                },
                "Feels like temperature": {
                    "type": "Parameter",
                    "description": "",
                    "unit": {
                        "label": "degC",
                        "symbol": {
                            "value": "°C",
                            "type": "http://http://www.example.org/edr/metadata/units/degC"
                        }
                    },
                    "observedProperty": {
                        "id": "http://codes.wmo.int/common/quantity-kind/_airTemperature",
                        "label": "Feels like temperature"
                    },
                    "measurementType": {
                        "method": "instantaneous",
                        "period": "PT0M"
                    }
                },
                "UV index": {
                    "type": "Parameter",
                    "description": "",
                    "unit": {
                        "label": "UV_index",
                        "symbol": {
                            "value": "",
                            "type": "http://http://www.example.org/edr/metadata/lookup/mo_dp_uv"
                        }
                    },
                    "observedProperty": {
                        "id": "http://codes.wmo.int/grib2/codeflag/4.2/_0-4-51",
                        "label": "UV index"
                    },
                    "measurementType": {
                        "method": "instantaneous",
                        "period": "PT0M"
                    }
                },
                "Probabilty of precipitation": {
                    "type": "Parameter",
                    "description": "",
                    "unit": {
                        "label": "percent",
                        "symbol": {
                            "value": "%",
                            "type": "http://http://www.example.org/edr/metadata/units/percent"
                        }
                    },
                    "observedProperty": {
                        "id": "http://codes.wmo.int/grib2/codeflag/4.2/_0-1-1",
                        "label": "Probabilty of precipitation"
                    },
                    "measurementType": {
                        "method": "instantaneous",
                        "period": "PT0M"
                    }
                },
                "Visibility": {
                    "type": "Parameter",
                    "description": "",
                    "unit": {
                        "label": "quality",
                        "symbol": {
                            "value": "",
                            "type": "http://http://www.example.org/edr/metadata/lookup/mo_dp_visibility"
                        }
                    },
                    "observedProperty": {
                        "id": "http://codes.wmo.int/common/quantity-kind/_horizontalVisibility",
                        "label": "Visibility"
                    },
                    "measurementType": {
                        "method": "instantaneous",
                        "period": "PT0M"
                    }
                }
            }
        }
    ]
}